Webエンジニア,株式会社favy,MAツール開発をリードするRuby on Railsエンジニア募集！,https://www.wantedly.com/projects/233604
Webエンジニア,株式会社favy,食×ITのスタートアップでRubyを極めたいバックエンドエンジニア募集！,https://www.wantedly.com/projects/304131
Railsエンジニア,株式会社キッチハイク,食でつながる暮らしをつくるリードRailsエンジニア募集,https://www.wantedly.com/projects/213101
PHP/Ruby...,セルプロモート株式会社,モダンな開発環境で自身のスキルを発揮しませんか？開発エンジニアWanted,https://www.wantedly.com/projects/517391
WEB開発エンジニア,セルプロモート株式会社,"PHP,Ruby,Java,C言語...開発大好きなWEBエンジニア募集！",https://www.wantedly.com/projects/528212
JavaScript/Ruby,セルプロモート株式会社,キャリアデザインに特化した新時代のIT企業で、開発エンジニアWanted。,https://www.wantedly.com/projects/522561
Rubyエンジニア募集！,セルプロモート株式会社,Java/Python等、選べる技術！Webシステムの開発エンジニア募集！,https://www.wantedly.com/projects/540038
Ruby/Java/Go...,セルプロモート株式会社,キャリアアップを目指したい！大手企業や有名サービスで開発エンジニア募集！,https://www.wantedly.com/projects/537071
PHP/HTML/CSS...,セルプロモート株式会社,JavaScript/Ruby/選択できる技術が幅広い！開発エンジニア募集,https://www.wantedly.com/projects/541298
HTML/CSS/Rubyなど,セルプロモート株式会社,フロントエンドの開発やアプリケーション開発など、活躍できるフィールド多数！,https://www.wantedly.com/projects/538629
Ruby,株式会社イルミナ,アラームです。　人材不足！最近流行ってるRuby経験者いらっしゃいますか！,https://www.wantedly.com/projects/503841
Rubyエンジニア,株式会社コミクリ,Ruby大好きエンジニア Wanted！,https://www.wantedly.com/projects/66778
サーバーサイドエンジニア,株式会社グロービス,新規事業　教育の新たなプラットフォームを作るサーバーサイドエンジニア募集！,https://www.wantedly.com/projects/369562
Rubyエンジニア,株式会社ルートゼロ,東京*RubyプロジェクトSTART‼スクール卒生WANTED‼,https://www.wantedly.com/projects/305388
Webエンジニア,株式会社ルートゼロ,WANTED！０からエンジニアを目指しませんか？,https://www.wantedly.com/projects/222627
SE/PG/Ruby,株式会社ルートゼロ,関東＊RubyエンジニアWANTED‼リーダー経験積みませんか？,https://www.wantedly.com/projects/332820
"JAVA,PHP,Ruby",株式会社ルートゼロ,希望の労働環境で働く*案件を選べる事とすべての情報開示により真の自己実現へ,https://www.wantedly.com/projects/602601
"SE,PG,JAVA,RUBY",株式会社ルートゼロ,関東＊WEB系エンジニアWANTED‼急成長ベンチャー企業で成長しよう！,https://www.wantedly.com/projects/337466
Webエンジニア,株式会社ルートゼロ,０からMichiを創る！あなたのスキルを活かす環境があります！,https://www.wantedly.com/projects/224328
"Ruby,経験者高待遇",株式会社ルートゼロ,RubyエンジニアWANTED‼Rubyチーム組織拡大中‼,https://www.wantedly.com/projects/379589
Webアプリケーション,株式会社クラベス,"TypeScript,PHP,Kotlin,Python,Rubyで開発！",https://www.wantedly.com/projects/617755
Webエンジニア,株式会社クロスブリッジ,全世界30万人利用中！FXバックオフィスを成長させるRubyエンジニア募集,https://www.wantedly.com/projects/482684
Webエンジニア,株式会社クロスブリッジ,FXバックオフィスシステムをおまかせする、Rubyリードエンジニア募集,https://www.wantedly.com/projects/543822
サーバーサイドエンジニア,弁護士ドットコム株式会社,法律×ITで常識を変え続けるSaaS企業に参加したいGoエンジニア募集！,https://www.wantedly.com/projects/600506
サーバーサイドエンジニア,弁護士ドットコム株式会社,署名・捺印のデジタル化を加速するクラウドサインのGoエンジニアWANTED,https://www.wantedly.com/projects/554059
サーバーサイドエンジニア,弁護士ドットコム株式会社,SignUpのニューノーマル！クラウドサインのGoエンジニア募集！,https://www.wantedly.com/projects/534723
サーバーサイドエンジニア,弁護士ドットコム株式会社,事業成長による技術的チャレンジに参加してくれるGoエンジニアWANTED！,https://www.wantedly.com/projects/582931
サーバーサイドエンジニア,弁護士ドットコム株式会社,成長加速するクラウドサイン！次のフェーズを担うGoエンジニアWANTED！,https://www.wantedly.com/projects/566476
サーバーサイドエンジニア,弁護士ドットコム株式会社,開発・営業が一緒にサービスを作る環境！電子契約SaaSのGoエンジニア募集,https://www.wantedly.com/projects/618176
Rubyエンジニア,株式会社ワークアズライフ,フリーランス×長期案件で安定して成長できるエンジニアに！,https://www.wantedly.com/projects/602595
"Ruby,PHPエンジニア",株式会社ワークアズライフ,SESからフリーランスエンジニアになる！大手で長期で働きたい人募集！,https://www.wantedly.com/projects/599263
バックエンドエンジニア,株式会社Nextat,開発環境抜群な京都発のITベンチャーでバリバリ経験を積みたいエンジニア募集,https://www.wantedly.com/projects/395643
バックエンドエンジニア,株式会社Nextat,ワークライフバランスを重要視している東京のエンジニア探しています！,https://www.wantedly.com/projects/385862
バックエンドエンジニア,株式会社Nextat,京都発7期目のITベンチャーの東京オフィスを牽引してくれるエンジニア募集！,https://www.wantedly.com/projects/382257
バックエンドエンジニア,株式会社Nextat,東京オフィスを盛り上げてくれてくるPHPer募集しています！,https://www.wantedly.com/projects/374448
バックエンドエンジニア,株式会社Nextat,明確な目標に向かって走るITベンチャーで裁量を持って働きたいPHPer募集,https://www.wantedly.com/projects/396942
バックエンドエンジニア,株式会社Nextat,東京で更なる成長を遂げたいテックリードを探しています！,https://www.wantedly.com/projects/383972
バックエンドエンジニア,株式会社Nextat,東京オフィスを牽引してくれるテックリード級エンジニア募集しています！,https://www.wantedly.com/projects/377401
バックエンドエンジニア,株式会社Nextat,様々な案件に触れながら裁量を持って働きたい東京のエンジニア探しています！,https://www.wantedly.com/projects/399667
バックエンドエンジニア,株式会社Nextat,事業拡大中のITベンチャーでコアメンバーとなるエンジニア探しています！,https://www.wantedly.com/projects/392542
バックエンドエンジニア,株式会社Nextat,労働環境が抜群のITベンチャーで成長したい東京のエンジニア募集！,https://www.wantedly.com/projects/389426
バックエンドエンジニア,株式会社Nextat,裁量権を持って東京で働きたいテックリード募集しています！！,https://www.wantedly.com/projects/380340
バックエンドエンジニア,株式会社Nextat,裁量が大きい新設の東京オフィスで活躍したいエンジニア募集！,https://www.wantedly.com/projects/373044
バックエンドエンジニア,株式会社Nextat,モダンな環境で裁量をもって成長したい東京のエンジニア募集！！,https://www.wantedly.com/projects/393673
バックエンドエンジニア,株式会社Nextat,受託開発で様々な案件に触れ成長したい東京のエンジニア探しています！,https://www.wantedly.com/projects/401542
バックエンドエンジニア,株式会社Nextat,東京オフィスを牽引してくださるLaravelが好きなエンジニア募集！,https://www.wantedly.com/projects/376029
バックエンドエンジニア,株式会社Nextat,東京でコアメンバーとなるバックエンドエンジニアを探しています！,https://www.wantedly.com/projects/387483
バックエンドエンジニア,株式会社Nextat,モダンな環境で開発を望む東京のエキスパートエンジニアを探しています,https://www.wantedly.com/projects/379133
バックエンドエンジニア,株式会社Nextat,受託開発のITベンチャーでバリバリコードを書きたいエンジニア探してます！,https://www.wantedly.com/projects/390704
バックエンドエンジニア,株式会社Nextat,受託開発で幅広く経験を積みたい東京のエンジニア募集しています！,https://www.wantedly.com/projects/398545
Webエンジニア,株式会社Samurai,脱SES!自社サービスを開発したいRailsエンジニアを募集！,https://www.wantedly.com/projects/18277