Webエンジニア,株式会社favy,MAツール開発をリードするRuby on Railsエンジニア募集！,https://www.wantedly.com/projects/233604
エンジニアマネージャー,株式会社favy,favyの開発チームを強くするエンジニアマネージャーWANTED！！,https://www.wantedly.com/projects/259907
Webエンジニア,株式会社favy,食×ITのスタートアップでRubyを極めたいバックエンドエンジニア募集！,https://www.wantedly.com/projects/304131
Railsエンジニア,株式会社キッチハイク,食でつながる暮らしをつくるリードRailsエンジニア募集,https://www.wantedly.com/projects/213101
PHP/Ruby...,セルプロモート株式会社,モダンな開発環境で自身のスキルを発揮しませんか？開発エンジニアWanted,https://www.wantedly.com/projects/517391
HTML/CSS/Rubyなど,セルプロモート株式会社,フロントエンドの開発やアプリケーション開発など、活躍できるフィールド多数！,https://www.wantedly.com/projects/538629
PHP/HTML/CSS...,セルプロモート株式会社,JavaScript/Ruby/選択できる技術が幅広い！開発エンジニア募集,https://www.wantedly.com/projects/541298
Ruby/Java/Go...,セルプロモート株式会社,キャリアアップを目指したい！大手企業や有名サービスで開発エンジニア募集！,https://www.wantedly.com/projects/537071
Rubyエンジニア募集！,セルプロモート株式会社,Java/Python等、選べる技術！Webシステムの開発エンジニア募集！,https://www.wantedly.com/projects/540038
JavaScript/Ruby,セルプロモート株式会社,キャリアデザインに特化した新時代のIT企業で、開発エンジニアWanted。,https://www.wantedly.com/projects/522561
WEB開発エンジニア,セルプロモート株式会社,"PHP,Ruby,Java,C言語...開発大好きなWEBエンジニア募集！",https://www.wantedly.com/projects/528212
Ruby,株式会社イルミナ,アラームです。　人材不足！最近流行ってるRuby経験者いらっしゃいますか！,https://www.wantedly.com/projects/503841
Rubyエンジニア,株式会社コミクリ,Ruby大好きエンジニア Wanted！,https://www.wantedly.com/projects/66778
サーバーサイドエンジニア,株式会社グロービス,新規事業　教育の新たなプラットフォームを作るサーバーサイドエンジニア募集！,https://www.wantedly.com/projects/369562
Rubyエンジニア,株式会社ルートゼロ,東京*RubyプロジェクトSTART‼スクール卒生WANTED‼,https://www.wantedly.com/projects/305388
"Ruby,経験者高待遇",株式会社ルートゼロ,RubyエンジニアWANTED‼Rubyチーム組織拡大中‼,https://www.wantedly.com/projects/379589
Webエンジニア,株式会社ルートゼロ,０からMichiを創る！あなたのスキルを活かす環境があります！,https://www.wantedly.com/projects/224328
"SE,PG,JAVA,RUBY",株式会社ルートゼロ,関東＊WEB系エンジニアWANTED‼急成長ベンチャー企業で成長しよう！,https://www.wantedly.com/projects/337466
"JAVA,PHP,Ruby",株式会社ルートゼロ,希望の労働環境で働く*案件を選べる事とすべての情報開示により真の自己実現へ,https://www.wantedly.com/projects/602601
SE/PG/Ruby,株式会社ルートゼロ,関東＊RubyエンジニアWANTED‼リーダー経験積みませんか？,https://www.wantedly.com/projects/332820
Webエンジニア,株式会社ルートゼロ,WANTED！０からエンジニアを目指しませんか？,https://www.wantedly.com/projects/222627
Webアプリケーション,株式会社クラベス,"TypeScript,PHP,Kotlin,Python,Rubyで開発！",https://www.wantedly.com/projects/617755
Webエンジニア,株式会社クロスブリッジ,全世界30万人利用中！FXバックオフィスを成長させるRubyエンジニア募集,https://www.wantedly.com/projects/482684
Webエンジニア,株式会社クロスブリッジ,FXバックオフィスシステムをおまかせする、Rubyリードエンジニア募集,https://www.wantedly.com/projects/543822
サーバーサイドエンジニア,弁護士ドットコム株式会社,法律×ITで常識を変え続けるSaaS企業に参加したいGoエンジニア募集！,https://www.wantedly.com/projects/600506
サーバーサイドエンジニア,弁護士ドットコム株式会社,開発・営業が一緒にサービスを作る環境！電子契約SaaSのGoエンジニア募集,https://www.wantedly.com/projects/618176
サーバーサイドエンジニア,弁護士ドットコム株式会社,成長加速するクラウドサイン！次のフェーズを担うGoエンジニアWANTED！,https://www.wantedly.com/projects/566476
サーバーサイドエンジニア,弁護士ドットコム株式会社,事業成長による技術的チャレンジに参加してくれるGoエンジニアWANTED！,https://www.wantedly.com/projects/582931
サーバーサイドエンジニア,弁護士ドットコム株式会社,SignUpのニューノーマル！クラウドサインのGoエンジニア募集！,https://www.wantedly.com/projects/534723
サーバーサイドエンジニア,弁護士ドットコム株式会社,署名・捺印のデジタル化を加速するクラウドサインのGoエンジニアWANTED,https://www.wantedly.com/projects/554059
Rubyエンジニア,株式会社ワークアズライフ,フリーランス×長期案件で安定して成長できるエンジニアに！,https://www.wantedly.com/projects/602595
"Ruby,PHPエンジニア",株式会社ワークアズライフ,SESからフリーランスエンジニアになる！大手で長期で働きたい人募集！,https://www.wantedly.com/projects/599263
バックエンドエンジニア,株式会社Nextat,開発環境抜群な京都発のITベンチャーでバリバリ経験を積みたいエンジニア募集,https://www.wantedly.com/projects/395643
バックエンドエンジニア,株式会社Nextat,受託開発で幅広く経験を積みたい東京のエンジニア募集しています！,https://www.wantedly.com/projects/398545
バックエンドエンジニア,株式会社Nextat,受託開発のITベンチャーでバリバリコードを書きたいエンジニア探してます！,https://www.wantedly.com/projects/390704
バックエンドエンジニア,株式会社Nextat,モダンな環境で開発を望む東京のエキスパートエンジニアを探しています,https://www.wantedly.com/projects/379133
バックエンドエンジニア,株式会社Nextat,東京でコアメンバーとなるバックエンドエンジニアを探しています！,https://www.wantedly.com/projects/387483
バックエンドエンジニア,株式会社Nextat,東京オフィスを牽引してくださるLaravelが好きなエンジニア募集！,https://www.wantedly.com/projects/376029
バックエンドエンジニア,株式会社Nextat,受託開発で様々な案件に触れ成長したい東京のエンジニア探しています！,https://www.wantedly.com/projects/401542
バックエンドエンジニア,株式会社Nextat,モダンな環境で裁量をもって成長したい東京のエンジニア募集！！,https://www.wantedly.com/projects/393673
バックエンドエンジニア,株式会社Nextat,裁量が大きい新設の東京オフィスで活躍したいエンジニア募集！,https://www.wantedly.com/projects/373044
バックエンドエンジニア,株式会社Nextat,裁量権を持って東京で働きたいテックリード募集しています！！,https://www.wantedly.com/projects/380340
バックエンドエンジニア,株式会社Nextat,労働環境が抜群のITベンチャーで成長したい東京のエンジニア募集！,https://www.wantedly.com/projects/389426
バックエンドエンジニア,株式会社Nextat,事業拡大中のITベンチャーでコアメンバーとなるエンジニア探しています！,https://www.wantedly.com/projects/392542
バックエンドエンジニア,株式会社Nextat,様々な案件に触れながら裁量を持って働きたい東京のエンジニア探しています！,https://www.wantedly.com/projects/399667
バックエンドエンジニア,株式会社Nextat,東京オフィスを牽引してくれるテックリード級エンジニア募集しています！,https://www.wantedly.com/projects/377401
バックエンドエンジニア,株式会社Nextat,東京で更なる成長を遂げたいテックリードを探しています！,https://www.wantedly.com/projects/383972
バックエンドエンジニア,株式会社Nextat,明確な目標に向かって走るITベンチャーで裁量を持って働きたいPHPer募集,https://www.wantedly.com/projects/396942
バックエンドエンジニア,株式会社Nextat,東京オフィスを盛り上げてくれてくるPHPer募集しています！,https://www.wantedly.com/projects/374448
バックエンドエンジニア,株式会社Nextat,京都発7期目のITベンチャーの東京オフィスを牽引してくれるエンジニア募集！,https://www.wantedly.com/projects/382257
バックエンドエンジニア,株式会社Nextat,ワークライフバランスを重要視している東京のエンジニア探しています！,https://www.wantedly.com/projects/385862
Webエンジニア,株式会社Samurai,脱SES!自社サービスを開発したいRailsエンジニアを募集！,https://www.wantedly.com/projects/18277
Railsエンジニア,イタンジ株式会社,面談で不動産業界のイメージがガラッと変わる！Railsエンジニア募集！,https://www.wantedly.com/projects/619633
Railsエンジニア/リーダー,イタンジ株式会社,不動産業界の見え方が変わる！Railsエンジニアのリーダー候補を募集！,https://www.wantedly.com/projects/624272
Railsエンジニア/リーダー,イタンジ株式会社,リーダー候補｜少数精鋭のチームで業界の常識を変えるサービスを作ろう！,https://www.wantedly.com/projects/455417
Railsエンジニア/リーダー,イタンジ株式会社,Railsの経験をお持ちの方！不動産×ITで業界を変えるリーダーを募集！,https://www.wantedly.com/projects/606153
Railsエンジニア,イタンジ株式会社,Railsエンジニア募集！不動産テックのトップを一緒に目指しましょう！,https://www.wantedly.com/projects/580399
Railsエンジニア,イタンジ株式会社,急成長企業を更に前へ進めてください！Railsエンジニアを募集します！,https://www.wantedly.com/projects/564260
Railsエンジニア,イタンジ株式会社,レガシーな不動産業界をワンストップ化！RailsエンジニアをWANTED！,https://www.wantedly.com/projects/597379
Railsエンジニア,イタンジ株式会社,不動産×ITのサービス開発にまるっと関わりたいRailsエンジニアを募集！,https://www.wantedly.com/projects/281027
Railsエンジニア,イタンジ株式会社,不動産×ITのサービスをまるっと開発！でRailsエンジニアをWANTED,https://www.wantedly.com/projects/421965
Railsエンジニア,イタンジ株式会社,自由度の高い環境で完全自社サービスの開発を進めたいRailsエンジニア募集,https://www.wantedly.com/projects/486511
Railsエンジニア,イタンジ株式会社,不動産×ITのサービス開発！怒涛の成長企業でRailsエンジニアを募集！,https://www.wantedly.com/projects/402011
Railsエンジニア,イタンジ株式会社,Railsエンジニア募集！あなたの開発経験で不透明な不動産業界に革命を！,https://www.wantedly.com/projects/551178
Railsエンジニア,イタンジ株式会社,Railsエンジニアを募集！業界を変える新サービスの開発に携わりたい方！,https://www.wantedly.com/projects/377013
Railsエンジニア・リーダー,イタンジ株式会社,Railsエンジニアチームをリードしてください！リーダー候補を募集します！,https://www.wantedly.com/projects/567523
Railsエンジニア,イタンジ株式会社,不動産業界を変える自社サービスの開発に携わりたいRailsエンジニア募集！,https://www.wantedly.com/projects/374425
Railsエンジニア,イタンジ株式会社,あなたの開発経験を活かしてください！RailsエンジニアをWANTED！,https://www.wantedly.com/projects/536393
Railsエンジニア,イタンジ株式会社,成長著しい不動産tech企業でサービス開発！Railsエンジニアを募集！！,https://www.wantedly.com/projects/361928
Railsエンジニア,イタンジ株式会社,新サービスの立ち上げを経験したい方！Railsエンジニアを募集！,https://www.wantedly.com/projects/392905
Railsエンジニア,イタンジ株式会社,少数精鋭の小さなチームで大きな仕事を成し遂げる！Railsエンジニア募集！,https://www.wantedly.com/projects/445430
Railsエンジニア,イタンジ株式会社,RubyonRailsでC向けサービスの開発に携わりたいエンジニア募集！,https://www.wantedly.com/projects/379890
Railsエンジニア,イタンジ株式会社,サービス拡大期の不動産Tech業界！新サービス開発エンジニアを募集！,https://www.wantedly.com/projects/402496
SREエンジニア,イタンジ株式会社,不動産業界の面白さ伝えます！急成長企業のSREエンジニアをWANTED！,https://www.wantedly.com/projects/624281
Railsエンジニア/リーダー,イタンジ株式会社,不動産×IT×AI｜エッジーなプロダクトをつくり続けたいエンジニア募集！,https://www.wantedly.com/projects/463330
SREエンジニア,イタンジ株式会社,SRE・AWSの経験をお持ちの方！一緒にSRE整備を考えてください！,https://www.wantedly.com/projects/606154
SREエンジニア,イタンジ株式会社,SREの経験をお持ちの方を探しています！急成長ベンチャーでエンジニア募集！,https://www.wantedly.com/projects/555147
SREエンジニア,イタンジ株式会社,SREエンジニア募集！不動産×IT企業で業界に革命を起こしましょう！,https://www.wantedly.com/projects/567529
SREエンジニア,イタンジ株式会社,不動産テック企業のトップを目指す！バイタリティあるSREエンジニア募集！,https://www.wantedly.com/projects/584220
SREエンジニア,イタンジ株式会社,急成長スタートアップでSREエンジニア募集！裁量持って働きたい方はぜひ！,https://www.wantedly.com/projects/547714
エンジニアリーダー,イタンジ株式会社,不動産業界をオンライン＆ワンストップ化！業界を変えるサービスの開発！,https://www.wantedly.com/projects/486509
テックリード,Sasuke Financial Lab株式会社,InsurTechをテックリードするエンジニアWANTED！,https://www.wantedly.com/projects/583961
プロジェクトリーダー,プレイネクストラボ株式会社,博多に焦がれ、博多を愛し、博多に骨をうずめたいWebエンジニア募集！,https://www.wantedly.com/projects/434777
システムエンジニア,Global Mobility Service株式会社,世界の17億人を救う。社会課題に挑むソリューションアーキテクト,https://www.wantedly.com/projects/478287
エンジニア全般,株式会社STARK CONSULTING,バリバリ働きたい野心を持ったSIer系エンジニア募集！,https://www.wantedly.com/projects/550020
